User,Occurrences,Subreddits
HokageEzio,16,"BokuNoHeroAcademia, Naruto, OnePiece"
alanalan426,4,"sololeveling, OnePiece"
CIearMind,3,"sololeveling, OnePiece"
SyrusG,7,"dbz, OnePiece"
Void___Reaper,2,"sololeveling, OnePiece"
Bion61,431,"HunterXHunter, OnePiece"
darkoopz43,4,"bleach, OnePiece"
Zaranius,3,"Naruto, OnePiece"
BeenBlizzerd,2,"BlackClover, OnePiece"
TheGermanoPainter,2,"bleach, OnePiece"
Jamessgachett,4,"JuJutsuKaisen, OnePiece"
Over-Writer6076,3,"Naruto, OnePiece"
BoyTitan,3,"Naruto, OnePunchMan"
flamethekid,5,"dbz, Naruto"
Academic-Box7031,2,"dbz, Naruto"
MaimedJester,3,"dbz, Naruto"
CitrusL3mon,1012,"Naruto, BlackClover"
Stephenrudolf,3,"Naruto, ShingekiNoKyojin"
DisneyPandora,9,"Naruto, HunterXHunter"
togashisbackpain,8,"Naruto, HunterXHunter"
kakathicc,4,"Naruto, JuJutsuKaisen"
Jermiafinale,3,"Naruto, OnePunchMan"
Force3vo,3,"Naruto, ShingekiNoKyojin"
MaskedFanaticX,122,"bleach, Naruto"
Oneesabitch,4,"deathnote, Naruto"
Kingxix,6,"bleach, Naruto"
8bitfanisst,16,"bleach, Naruto"
Crispy_Pancake,2,"Naruto, JuJutsuKaisen"
BiDiTi,5,"BokuNoHeroAcademia, Naruto"
Barnard87,4,"Naruto, ShingekiNoKyojin"
4-3defense,3,"Naruto, BlackClover"
Lex4709,3,"BokuNoHeroAcademia, Naruto"
_sephylon_,2,"Naruto, ShingekiNoKyojin"
TheBlack_Swordsman,6,"dbz, Berserk"
Professor_Crab,7,"dbz, JuJutsuKaisen"
zb0t1,3,"dbz, OnePunchMan"
Spicyytamale,2,"dbz, ShingekiNoKyojin"
Caciulacdlac,3,"dbz, ShingekiNoKyojin"
Finito-1994,4,"dbz, HunterXHunter"
mg10pp,3,"dbz, ShingekiNoKyojin"
UndergroundCoconut,2,"dbz, BlackClover"
1mGhosted,5,"dbz, HunterXHunter"
metalflygon08,6,"dbz, BokuNoHeroAcademia"
SelfInExile,3,"dbz, JuJutsuKaisen"
Rdasher123,3,"dbz, ChainsawMan"
StriderT,2,"dbz, bleach"
Carbuyrator,4,"dbz, OnePunchMan"
Julian-Hoffer,6,"dbz, HunterXHunter"
fatwap,2,"JuJutsuKaisen, OnePunchMan"
GoldenSpermShower,11,"BokuNoHeroAcademia, OnePunchMan"
GGABueno,4,"BokuNoHeroAcademia, SpyxFamily, OnePunchMan"
Jwruth,4,"ChainsawMan, OnePunchMan"
ExpiredMilknCheese,4,"sololeveling, OnePunchMan"
TheBoogyWoogy,2,"ChainsawMan, OnePunchMan"
Valuable-Blueberry30,2,"JuJutsuKaisen, OnePunchMan"
c4m3r0n1,4,"JuJutsuKaisen, OnePunchMan"
Le_mehawk,2,"JuJutsuKaisen, OnePunchMan"
MafusailAlbert,4,"ChainsawMan, OnePunchMan"
Soul699,5,"JuJutsuKaisen, OnePunchMan"
Realistic_Mousse_485,5,"bleach, OnePunchMan"
Internal-Flamingo455,8,"HunterXHunter, ShingekiNoKyojin"
SennKazuki,2,"sololeveling, ShingekiNoKyojin"
Stoner420Eren,106,"ChainsawMan, ShingekiNoKyojin"
relbus22,2,"bleach, ShingekiNoKyojin"
jacobisgone-,8,"deathnote, ShingekiNoKyojin"
Dive_To_Survive,2,"JuJutsuKaisen, ShingekiNoKyojin"
Bigzysmolz,2,"JuJutsuKaisen, ShingekiNoKyojin"
DeMatador,2,"Berserk, ShingekiNoKyojin"
Levi_Snowfractal,2,"SpyxFamily, ShingekiNoKyojin"
Diligent_Soil6955,2,"BokuNoHeroAcademia, ShingekiNoKyojin"
Toxic_Seraphine_Stan,3,"BokuNoHeroAcademia, ShingekiNoKyojin"
Stevohoog,2,"ChainsawMan, JuJutsuKaisen"
Mjkmeh,11,"ChainsawMan, JuJutsuKaisen"
SigmaSimon,3,"deathnote, JuJutsuKaisen"
FireZord25,4,"JuJutsuKaisen, Berserk"
jamsticles,2,"JuJutsuKaisen, Berserk"
No-Chemistry-4673,6,"BokuNoHeroAcademia, JuJutsuKaisen"
politicalpterodon2,78,"ChainsawMan, JuJutsuKaisen"
Royal_Ad417,3,"BokuNoHeroAcademia, JuJutsuKaisen"
ApplePitou,7,"HunterXHunter, JuJutsuKaisen"
CrowBright5352,16,"ChainsawMan, JuJutsuKaisen"
Imperator_Romulus476,2,"bleach, JuJutsuKaisen"
TyrantRex6604,2,"ChainsawMan, JuJutsuKaisen"
sagiritengai,12,"ChainsawMan, JuJutsuKaisen"
TheToolbox101,7,"ChainsawMan, JuJutsuKaisen"
UnbiasedGod,32,"BokuNoHeroAcademia, BlackClover"
Lilymoon2653,5,"BokuNoHeroAcademia, SpyxFamily"
Valkyrid,2,"BokuNoHeroAcademia, sololeveling"
Mawnix,4,"BokuNoHeroAcademia, Berserk"
Ongaya123,3,"BokuNoHeroAcademia, Berserk"
Traffy7,2,"BokuNoHeroAcademia, Berserk"
sjcfu2,4,"BokuNoHeroAcademia, SpyxFamily"
c00L_dud3-,2,"BokuNoHeroAcademia, ChainsawMan"
Michellozzzo,2,"HunterXHunter, Berserk"
Sharebear42019,4,"BlackClover, Berserk"
D-Biggest_Wheel,7,"bleach, Berserk"
BenefitHeavy8499,3,"sololeveling, Berserk"
OscarDivine,2,"sololeveling, SpyxFamily"
Gain-Desperate,3,"sololeveling, BlackClover"
killerwolf20,2,"sololeveling, SpyxFamily"
GearEfficient1952,55,"bleach, sololeveling"
Left-Philosopher-248,38,"bleach, BlackClover"
Ghost_Star326,95,"ChainsawMan, BlackClover"
